NAME,CULTURE
Adan,Arabic
Magrit,Arabic
Ahsa,Arabic
Masqat,Arabic
Andalus,Arabic
Misr,Arabic
Asmara,Arabic
Muruni,Arabic
Asqlan,Arabic
Qabis,Arabic
Baqubah,Arabic
Qina,Arabic
Basit,Arabic
Rabat,Arabic
Baysan,Arabic
Ramlah,Arabic
Baytlahm,Arabic
Riyadh,Arabic
Bursaid,Arabic
Sabtah,Arabic
Dahilah,Arabic
Salalah,Arabic
Darasalam,Arabic
Sana,Arabic
Dawhah,Arabic
Sinqit,Arabic
Ganin,Arabic
Suqutrah,Arabic
Gebal,Arabic
Sur,Arabic
Gibuti,Arabic
Tabuk,Arabic
Giddah,Arabic
Tangah,Arabic
Harmah,Arabic
Tarifah,Arabic
Hartum,Arabic
Tarrakunah,Arabic
Hibah,Arabic
Tisit,Arabic
Hims,Arabic
Uman,Arabic
Hubar,Arabic
Urdunn,Arabic
Karbala,Arabic
Wasqah,Arabic
Kut,Arabic
Yaburah,Arabic
Lacant,Arabic
Yaman,Arabic
Andong,Chinese
Luzhou,Chinese
Anqing,Chinese
Ningxia,Chinese
Anshan,Chinese
Pingxiang,Chinese
Chaoyang,Chinese
Pizhou,Chinese
Chaozhou,Chinese
Qidong,Chinese
Chifeng,Chinese
Qingdao,Chinese
Dalian,Chinese
Qinghai,Chinese
Dunhuang,Chinese
Rehe,Chinese
Fengjia,Chinese
Shanxi,Chinese
Fengtian,Chinese
Taiyuan,Chinese
Fuliang,Chinese
Tengzhou,Chinese
Fushun,Chinese
Urumqi,Chinese
Gansu,Chinese
Weifang,Chinese
Ganzhou,Chinese
Wugang,Chinese
Guizhou,Chinese
Wuxi,Chinese
Hotan,Chinese
Xiamen,Chinese
Hunan,Chinese
Xian,Chinese
Jinan,Chinese
Xikang,Chinese
Jingdezhen,Chinese
Xining,Chinese
Jinxi,Chinese
Xinjiang,Chinese
Jinzhou,Chinese
Yidu,Chinese
Kunming,Chinese
Yingkou,Chinese
Liaoning,Chinese
Yuxi,Chinese
Linyi,Chinese
Zigong,Chinese
Lushun,Chinese
Zoige,Chinese
Aldington,English
Kedington,English
Appleton,English
Latchford,English
Ashdon,English
Leigh,English
Berwick,English
Leighton,English
Bramford,English
Maresfield,English
Brimstage,English
Markshall,English
Carden,English
Netherpool,English
Churchill,English
Newton,English
Clifton,English
Oxton,English
Colby,English
Preston,English
Copford,English
Ridley,English
Cromer,English
Rochford,English
Davenham,English
Seaford,English
Dersingham,English
Selsey,English
Doverdale,English
Stanton,English
Elsted,English
Stockham,English
Ferring,English
Stoke,English
Gissing,English
Sutton,English
Heydon,English
Thakeham,English
Holt,English
Thetford,English
Hunston,English
Thorndon,English
Hutton,English
Ulting,English
Inkberrow,English
Upton,English
Inworth,English
Westhorpe,English
Isfield,English
Worcester,English
Adramyttion,Greek
Kallisto,Greek
Ainos,Greek
Katerini,Greek
Alikarnassos,Greek
Kithairon,Greek
Avydos,Greek
Kydonia,Greek
Dakia,Greek
Lakonia,Greek
Dardanos,Greek
Leros,Greek
Dekapoli,Greek
Lesvos,Greek
Dodoni,Greek
Limnos,Greek
Efesos,Greek
Lykia,Greek
Efstratios,Greek
Megara,Greek
Elefsina,Greek
Messene,Greek
Ellada,Greek
Milos,Greek
Epidavros,Greek
Nikaia,Greek
Erymanthos,Greek
Orontis,Greek
Evripos,Greek
Parnasos,Greek
Gavdos,Greek
Petro,Greek
Gytheio,Greek
Samos,Greek
Ikaria,Greek
Syros,Greek
Ilios,Greek
Thapsos,Greek
Illyria,Greek
Thessalia,Greek
Iraia,Greek
Thira,Greek
Irakleio,Greek
Thiva,Greek
Isminos,Greek
Varvara,Greek
Ithaki,Greek
Voiotia,Greek
Kadmeia,Greek
Vyvlos,Greek
Ahmedabad,Indian
Jaisalmer,Indian
Alipurduar,Indian
Jharonda,Indian
Alubari,Indian
Kadambur,Indian
Anjanadri,Indian
Kalasipalyam,Indian
Ankleshwar,Indian
Karnataka,Indian
Balarika,Indian
Kutchuhery,Indian
Bhanuja,Indian
Lalgola,Indian
Bhilwada,Indian
Mainaguri,Indian
Brahmaghosa,Indian
Nainital,Indian
Bulandshahar,Indian
Nandidurg,Indian
Candrama,Indian
Narayanadri,Indian
Chalisgaon,Indian
Panipat,Indian
Chandragiri,Indian
Panjagutta,Indian
Charbagh,Indian
Pathankot,Indian
Chayanka,Indian
Pathardih,Indian
Chittorgarh,Indian
Porbandar,Indian
Dayabasti,Indian
Rajasthan,Indian
Dikpala,Indian
Renigunta,Indian
Ekanga,Indian
Sewagram,Indian
Gandhidham,Indian
Shakurbasti,Indian
Gollaprolu,Indian
Siliguri,Indian
Grahisa,Indian
Sonepat,Indian
Guwahati,Indian
Teliwara,Indian
Haridasva,Indian
Tinpahar,Indian
Indraprastha,Indian
Villivakkam,Indian
Bando,Japanese
Mitsukaido,Japanese
Chikuma,Japanese
Moriya,Japanese
Chikusei,Japanese
Nagano,Japanese
Chino,Japanese
Naka,Japanese
Hitachi,Japanese
Nakano,Japanese
Hitachinaka,Japanese
Ogi,Japanese
Hitachiomiya,Japanese
Okaya,Japanese
Hitachiota,Japanese
Omachi,Japanese
Iida,Japanese
Ryugasaki,Japanese
Iiyama,Japanese
Saku,Japanese
Ina,Japanese
Settsu,Japanese
Inashiki,Japanese
Shimotsuma,Japanese
Ishioka,Japanese
Shiojiri,Japanese
Itako,Japanese
Suwa,Japanese
Kamisu,Japanese
Suzaka,Japanese
Kasama,Japanese
Takahagi,Japanese
Kashima,Japanese
Takeo,Japanese
Kasumigaura,Japanese
Tomi,Japanese
Kitaibaraki,Japanese
Toride,Japanese
Kiyose,Japanese
Tsuchiura,Japanese
Koga,Japanese
Tsukuba,Japanese
Komagane,Japanese
Ueda,Japanese
Komoro,Japanese
Ushiku,Japanese
Matsumoto,Japanese
Yoshikawa,Japanese
Mito,Japanese
Yuki,Japanese
Abilia,Latin
Lucus,Latin
Alsium,Latin
Lugdunum,Latin
Aquileia,Latin
Mediolanum,Latin
Argentoratum,Latin
Novaesium,Latin
Ascrivium,Latin
Patavium,Latin
Asculum,Latin
Pistoria,Latin
Attalia,Latin
Pompeii,Latin
Barium,Latin
Raurica,Latin
Batavorum,Latin
Rigomagus,Latin
Belum,Latin
Roma,Latin
Bobbium,Latin
Salernum,Latin
Brigantium,Latin
Salona,Latin
Burgodunum,Latin
Segovia,Latin
Camulodunum,Latin
Sirmium,Latin
Clausentum,Latin
Spalatum,Latin
Corduba,Latin
Tarraco,Latin
Coriovallum,Latin
Treverorum,Latin
Durucobrivis,Latin
Verulamium,Latin
Eboracum,Latin
Vesontio,Latin
Emona,Latin
Vetera,Latin
Florentia,Latin
Vindelicorum,Latin
Lactodurum,Latin
Vindobona,Latin
Lentia,Latin
Vinovia,Latin
Lindum,Latin
Viroconium,Latin
Londinium,Latin
Volubilis,Latin
Abadan,Nigerian
Jere,Nigerian
Ador,Nigerian
Kalabalge,Nigerian
Agatu,Nigerian
Katsina,Nigerian
Akamkpa,Nigerian
Knoduga,Nigerian
Akpabuyo,Nigerian
Konshishatse,Nigerian
Ala,Nigerian
Kukawa,Nigerian
Askira,Nigerian
Kwande,Nigerian
Bakassi,Nigerian
Kwayakusar,Nigerian
Bama,Nigerian
Logo,Nigerian
Bayo,Nigerian
Mafa,Nigerian
Bekwara,Nigerian
Makurdi,Nigerian
Biase,Nigerian
Nganzai,Nigerian
Boki,Nigerian
Obanliku,Nigerian
Buruku,Nigerian
Obi,Nigerian
Calabar,Nigerian
Obubra,Nigerian
Chibok,Nigerian
Obudu,Nigerian
Damboa,Nigerian
Odukpani,Nigerian
Dikwa,Nigerian
Ogbadibo,Nigerian
Etung,Nigerian
Ohimini,Nigerian
Gboko,Nigerian
Okpokwu,Nigerian
Gubio,Nigerian
Otukpo,Nigerian
Guzamala,Nigerian
Shani,Nigerian
Gwoza,Nigerian
Ugep,Nigerian
Hawul,Nigerian
Vandeikya,Nigerian
Ikom,Nigerian
Yala,Nigerian
Amur,Russian
Omsk,Russian
Arkhangelsk,Russian
Orenburg,Russian
Astrakhan,Russian
Oryol,Russian
Belgorod,Russian
Penza,Russian
Bryansk,Russian
Perm,Russian
Chelyabinsk,Russian
Pskov,Russian
Chita,Russian
Rostov,Russian
Gorki,Russian
Ryazan,Russian
Irkutsk,Russian
Sakhalin,Russian
Ivanovo,Russian
Samara,Russian
Kaliningrad,Russian
Saratov,Russian
Kaluga,Russian
Smolensk,Russian
Kamchatka,Russian
Sverdlovsk,Russian
Kemerovo,Russian
Tambov,Russian
Kirov,Russian
Tomsk,Russian
Kostroma,Russian
Tula,Russian
Kurgan,Russian
Tver,Russian
Kursk,Russian
Tyumen,Russian
Leningrad,Russian
Ulyanovsk,Russian
Lipetsk,Russian
Vladimir,Russian
Magadan,Russian
Volgograd,Russian
Moscow,Russian
Vologda,Russian
Murmansk,Russian
Voronezh,Russian
Novgorod,Russian
Vyborg,Russian
Novosibirsk,Russian
Yaroslavl,Russian
Aguascebas,Spanish
Loreto,Spanish
Alcazar,Spanish
Lujar,Spanish
Barranquete,Spanish
Marbela,Spanish
Bravatas,Spanish
Matagorda,Spanish
Cabezudos,Spanish
Nacimiento,Spanish
Calderon,Spanish
Niguelas,Spanish
Cantera,Spanish
Ogijares,Spanish
Castillo,Spanish
Ortegicar,Spanish
Delgadas,Spanish
Pampanico,Spanish
Donablanca,Spanish
Pelado,Spanish
Encinetas,Spanish
Quesada,Spanish
Estrella,Spanish
Quintera,Spanish
Faustino,Spanish
Riguelo,Spanish
Fuentebravia,Spanish
Ruescas,Spanish
Gafarillos,Spanish
Salteras,Spanish
Gironda,Spanish
Santopitar,Spanish
Higueros,Spanish
Taberno,Spanish
Huelago,Spanish
Torres,Spanish
Humilladero,Spanish
Umbrete,Spanish
Illora,Spanish
Valdecazorla,Spanish
Isabela,Spanish
Velez,Spanish
Izbor,Spanish
Vistahermosa,Spanish
Jandilla,Spanish
Yeguas,Spanish
Jinetes,Spanish
Zahora,Spanish
Limones,Spanish
Zumeta,Spanish
